index,gender,age,marital_status,occupation_Homemaker,occupation_Other,occupation_Professional,purchase_count,purchase_amount,last_visit,probabilities,purchase
0,1,64,0,False,False,True,-1.5258731051670182,-1.599502100789127,1.7207035550479448,9.357398230650646e-10,0.0
1,0,55,0,False,False,True,-1.5258731051670182,-1.5208526679248362,2.199123428455621,4.51655753382616e-08,0.0
2,1,61,0,False,False,True,-1.5258731051670182,-1.6637491771061308,1.459560522299804,8.954377911480386e-07,0.0
3,0,40,0,False,True,False,-1.5258731051670182,-1.6637491771061308,2.0254981559300886,1.2576549795106858e-06,0.0
4,1,42,0,False,False,True,-1.0236933766276013,-1.6187030213807774,0.6687342390342715,1.3604964632141402e-06,0.0
5,1,30,0,False,False,True,-1.1910866194740737,-1.644493799831734,1.890140153541406,1.4179150631605402e-06,0.0
6,1,42,0,False,False,True,-1.1910866194740737,-1.619301602014414,1.0484869041337561,1.8381827071664423e-06,0.0
7,1,27,0,False,False,True,-1.5258731051670182,-1.6637491771061308,0.9701495749599494,2.7624447000778796e-06,0.0
8,1,32,1,False,False,True,-1.5258731051670182,-1.6637491771061308,1.4945168683909582,2.8376183765596646e-06,0.0
9,1,42,0,False,False,True,-1.3584798623205459,-0.9106308526795857,1.904637178393535,4.764179133386438e-06,0.0
10,0,32,0,False,False,False,-1.5258731051670182,-1.2494499678383555,1.593075764373786,5.795181567923998e-06,0.0
11,1,19,0,True,False,False,-1.5258731051670182,-1.6637491771061308,2.8296038399808117,6.627688436680724e-06,0.0
12,0,53,1,True,False,False,-1.5258731051670182,-1.550538618698585,2.0994145370513735,7.64409462345972e-06,0.0
13,1,61,0,False,False,True,-1.1910866194740737,-0.7054605190128955,2.2251582225676154,9.145631029210547e-06,0.0
14,0,33,0,False,False,False,-1.1910866194740737,0.11728073851717599,2.1210763436260645,1.3337255280674335e-05,0.0
15,1,29,1,False,False,True,-1.3584798623205459,-1.4444092887105375,1.9731989211099585,2.0950689305423244e-05,0.0
16,0,41,0,True,False,False,-0.856300133781129,-1.5849682561296052,1.5773362264239157,2.242202817228957e-05,0.0
17,1,22,0,False,False,True,-0.6889068909346567,-1.3521937136808566,2.1158325864669925,2.2964438005813486e-05,0.0
18,1,63,0,False,True,False,-1.5258731051670182,-1.6637491771061308,1.143638036680291,2.5637448730748013e-05,0.0
19,1,22,1,False,False,True,-1.5258731051670182,-1.6637491771061308,0.856037919955628,3.1447327263616325e-05,0.0
20,1,29,1,False,False,False,-1.5258731051670182,-1.6637491771061308,1.5637315806682792,3.154624531298027e-05,0.0
21,0,64,0,False,False,True,-1.5258731051670182,-1.6637491771061308,0.2617768280410662,3.7345266728988894e-05,0.0
22,1,58,0,False,False,False,-0.5215136480881846,-1.5677476294871089,1.2520318355234286,4.43005376991419e-05,0.0
23,0,40,1,False,False,False,-1.5258731051670182,-1.6637491771061308,2.150407085629976,4.815429640850291e-05,0.0
24,1,33,0,False,False,False,-1.5258731051670182,-1.6637491771061308,1.7861190265390698,5.191779227344668e-05,0.0
25,0,23,0,False,True,False,-1.5258731051670182,-1.6637491771061308,2.4270876879339838,6.17599098827978e-05,0.0
26,1,38,0,False,False,True,-1.5258731051670182,-1.6637491771061308,0.9344761660504368,6.246308965847041e-05,0.0
27,0,59,0,False,True,False,-1.5258731051670182,-0.5742414867629367,1.4133966467154462,6.27777993962893e-05,0.0
28,1,23,0,True,False,False,-1.5258731051670182,-1.6637491771061308,-0.06758101777750589,6.863447806034651e-05,0.0
29,1,42,1,False,False,False,-1.5258731051670182,-1.6637491771061308,1.2626571539565883,7.033321691596165e-05,0.0
30,1,23,0,False,False,False,-1.5258731051670182,-1.6637491771061308,1.4757767600227765,7.172384194063207e-05,0.0
31,0,59,0,False,False,False,-1.5258731051670182,-0.9598151254081144,0.8243202802497199,8.203918083501155e-05,0.0
32,1,50,1,False,False,True,-1.0236933766276013,-1.3234515217919183,0.5437275681126006,9.046675394181395e-05,0.0
33,1,50,0,True,False,False,-0.856300133781129,-0.13349128471584504,1.776984603046556,0.00010625710195907078,0.0
34,1,56,0,False,True,False,-1.5258731051670182,-1.6637491771061308,2.4571568474552365,0.00011162029830962839,0.0
35,1,49,0,False,False,True,-1.1910866194740737,-1.4754451179786796,0.4096704207554049,0.00011214456955945943,0.0
36,1,24,0,False,False,True,-1.5258731051670182,-1.6637491771061308,1.1838299221038306,0.00011348862661124607,0.0
37,0,61,1,True,False,False,-1.3584798623205459,0.7225102670798212,2.0877883721718815,0.00012466899105755897,0.0
38,0,33,1,False,False,True,-1.5258731051670182,-0.40110264699543513,1.316183192709411,0.00015559043910670243,0.0
39,0,21,0,False,False,False,-1.5258731051670182,-1.6637491771061308,1.8589696774143096,0.00016016064352002382,0.0
40,0,36,1,False,True,False,-1.5258731051670182,-0.6831929077646497,1.5625330557907338,0.00018362450066097607,0.0
41,0,55,0,False,False,True,-1.5258731051670182,-1.0933408393550086,0.859043978470613,0.0001860711464986309,0.0
42,0,58,0,True,False,False,-1.5258731051670182,-1.0772306895809363,1.5325569646350947,0.00019128683532929465,0.0
43,1,64,0,False,False,True,-1.5258731051670182,-1.2649644803534341,0.508259228485039,0.0002455067818281538,0.0
44,0,39,0,False,False,False,-1.5258731051670182,-0.9054005610443823,0.7616726588953029,0.00027626757542530703,0.0
45,1,43,0,False,False,True,-0.6889068909346567,-0.9107515920254118,0.7979592364312639,0.00029799388346138904,0.0
46,1,33,0,False,False,True,-1.5258731051670182,-0.954739674057703,1.3481855544194132,0.00029801688855332403,0.0
47,1,57,1,False,False,True,-1.0236933766276013,-1.4213262856560456,-0.1229163185527736,0.0003181291472217321,0.0
48,0,37,1,False,True,False,-1.5258731051670182,-1.6637491771061308,0.42864229207006344,0.0003251469854585221,0.0
49,1,63,1,False,False,True,-1.5258731051670182,-1.6637491771061308,0.7752904310520468,0.00033834265746676315,0.0
50,1,49,0,False,False,True,-1.0236933766276013,-1.4479808235361338,-0.47289481671774264,0.000340748993471172,0.0
51,0,26,1,False,True,False,-1.5258731051670182,-0.9252443027145741,1.7671208267600915,0.0003467661994762737,0.0
52,0,59,1,False,False,False,-1.3584798623205459,-1.2274466010928773,1.6967002939293805,0.0003542162616400718,0.0
53,1,53,1,False,False,False,-1.5258731051670182,-1.5229902069673487,0.7687411131063133,0.000357471839142332,0.0
54,0,57,1,False,False,True,-1.5258731051670182,-1.6637491771061308,0.7345443477260425,0.00038255401472553894,0.0
55,1,40,0,False,False,False,-1.5258731051670182,-1.6637491771061308,1.1171126992208016,0.0003959813365202988,0.0
56,0,26,1,False,False,True,-1.1910866194740737,-1.4264565144064525,2.802490181293096,0.00041664943711690973,0.0
57,0,33,1,False,False,False,-1.5258731051670182,-1.6637491771061308,0.8914163874892417,0.00046613360615067846,0.0
58,1,23,1,True,False,False,-1.0236933766276013,-1.5836512014966955,0.9520289343032526,0.0004703953284782002,0.0
59,0,40,1,True,False,False,-1.5258731051670182,-1.6637491771061308,1.1632179949244597,0.0004756353940574871,0.0
60,0,39,0,False,False,False,-1.5258731051670182,-1.6637491771061308,2.334989034556375,0.0005090173404701104,0.0
61,1,49,0,False,False,True,-1.1910866194740737,-0.3450099587063604,1.223945184382447,0.0005101014717514988,0.0
62,1,51,1,False,False,True,-1.5258731051670182,-0.7282764475677347,1.5869000462533887,0.0005131786432282898,0.0
63,1,63,0,False,False,True,-0.856300133781129,-1.1671329257060037,0.7555412087598022,0.0005455061289325229,0.0
64,1,27,0,False,False,False,-1.0236933766276013,-0.8573994901540232,1.0353300889344716,0.0005735131721432501,0.0
65,1,22,1,False,True,False,-1.5258731051670182,-1.6637491771061308,-0.6042606899113521,0.0005763226906669571,0.0
66,1,26,1,False,False,False,-1.5258731051670182,-1.6637491771061308,-0.5670407915089987,0.0006242013953251352,0.0
67,0,64,0,False,False,False,-1.5258731051670182,-0.8346177081105041,1.2676618098769,0.0006488255242161539,0.0
68,1,49,0,False,False,False,-1.1910866194740737,-0.32019789694739803,1.3226218603828437,0.0006527817581744858,0.0
69,1,32,1,False,True,False,-1.3584798623205459,-1.4133519677111277,1.7476247794923034,0.0007083538688932805,0.0
70,0,41,0,False,True,False,-1.0236933766276013,-0.33181808690386555,1.5045101744819365,0.0007265827523531382,0.0
71,1,54,1,False,False,True,0.1480593232977046,-1.036445826229607,1.8496633143761068,0.0007636499666610208,0.0
72,1,36,1,False,False,True,-0.5215136480881846,-1.1720468009913203,0.5187438143933343,0.0007812324834235887,0.0
73,1,46,1,False,False,True,-0.6889068909346567,-0.8954234724077337,0.6372066361073404,0.0007916600598649113,0.0
74,0,35,1,False,False,False,-1.3584798623205459,-0.8343905045521058,1.6418761866829483,0.0008232542644392777,0.0
75,1,27,0,False,False,True,-1.5258731051670182,-1.6637491771061308,2.0425257192282618,0.0009414861015317568,0.0
76,1,26,0,False,False,False,-1.5258731051670182,-1.0328689921646492,1.1596497271338795,0.0009419044945868343,0.0
77,1,50,0,False,False,True,0.1480593232977046,-0.5858521848981368,0.7402506568116837,0.000952423794458928,0.0
78,1,63,1,True,False,False,-1.5258731051670182,-1.4787702432183671,0.7834505333110958,0.0009716620674612554,0.0
79,0,22,0,True,False,False,-0.5215136480881846,-0.7834295353909174,2.462281394269939,0.0009904546970551573,0.0
80,1,63,0,False,False,False,-1.1910866194740737,-1.3462725486147817,-0.3138626546839337,0.0009914701530911953,0.0
81,0,22,0,False,False,False,-0.856300133781129,-1.3950833521123962,1.5324868074021711,0.0010170019932978758,0.0
82,1,63,0,False,True,False,-0.856300133781129,-1.45102706463745,1.548010117853383,0.0010233327279539546,0.0
83,0,25,1,False,False,False,-0.6889068909346567,-1.1052632971405878,1.9371790369004385,0.0010756680693191952,0.0
84,0,48,0,False,False,True,-1.3584798623205459,-1.6050411561077607,1.8183663673160917,0.0010992983408819068,0.0
85,1,36,1,False,False,True,-1.1910866194740737,-1.2993001905578954,0.6457124753834873,0.0011374278012483544,0.0
86,0,58,1,False,False,False,-1.5258731051670182,-1.6637491771061308,0.31359947263590976,0.00114981790227667,0.0
87,0,30,1,False,False,False,-1.5258731051670182,-1.6637491771061308,0.0665345310999727,0.001165756079615018,0.0
88,0,43,1,False,False,False,-1.0236933766276013,-1.1061176688051826,0.24912381040104428,0.0011709747594416053,0.0
89,1,42,1,False,True,False,-1.1910866194740737,-1.29241554709291,1.7423991975845041,0.001199096958216613,0.0
90,1,42,1,True,False,False,-1.3584798623205459,-0.9709276260502462,1.2968680073717553,0.001200803726561634,0.0
91,1,46,0,False,True,False,-1.3584798623205459,-1.2485154918911274,0.7464948901702034,0.0012397868911305009,0.0
92,1,19,0,False,True,False,-1.5258731051670182,-1.5549935013732992,1.5478811780292279,0.0012852030313016832,0.0
93,1,34,0,False,False,True,-0.856300133781129,-1.5410119545243908,0.30141240985048895,0.0013781554974478664,0.0
94,1,57,0,False,False,True,-1.5258731051670182,-0.6536812608387991,0.5559985097776646,0.001384532607943303,0.0
95,1,24,1,True,False,False,-0.856300133781129,-1.5790928861143225,2.461632688227638,0.0015245811720103455,0.0
96,1,39,0,False,False,False,-1.5258731051670182,-1.5099808546626186,0.387349103998518,0.0015294986829581525,0.0
97,1,39,0,False,True,False,-1.1910866194740737,-1.3650769281080701,1.0291620007427307,0.00156210667925827,0.0
98,1,47,1,False,True,False,-1.3584798623205459,-1.3858355386111887,2.5003150220728263,0.0016464674258067926,0.0
99,0,27,0,False,True,False,-1.5258731051670182,-1.6637491771061308,1.4354889542194966,0.0017638606190216307,0.0
100,0,49,0,False,False,True,-1.5258731051670182,-1.6637491771061308,1.3993256966479224,0.0017710646756908678,0.0
101,1,24,1,False,False,True,-0.35412040524171223,-1.35299754923084,-1.1395373661960457,0.0017905608287358695,0.0
102,1,58,0,False,False,True,-0.856300133781129,-1.0836270873984972,0.281500662119426,0.001976962842337547,0.0
103,0,31,0,False,True,False,-1.5258731051670182,-1.6637491771061308,0.558939966629235,0.0020359104960963183,0.0
104,1,60,0,False,True,False,-1.5258731051670182,-1.6637491771061308,3.2879683095901187,0.002051969725682998,0.0
105,0,26,0,True,False,False,-0.6889068909346567,0.11120428440532105,1.7251033452193616,0.0021908297552916166,0.0
106,0,58,1,False,False,True,-1.1910866194740737,-0.8790358017072569,1.7921402533229476,0.0022201184570603705,0.0
107,0,19,0,False,False,True,-1.1910866194740737,-1.5341781468791882,1.124885754660422,0.002242888814080768,0.0
108,1,56,1,True,False,False,-1.5258731051670182,-1.6637491771061308,1.9344376116026958,0.0023144452766575684,0.0
109,0,41,0,False,True,False,-1.5258731051670182,-1.6637491771061308,1.189104266034555,0.002377600378264986,0.0
110,1,61,1,False,False,True,-1.5258731051670182,-1.6637491771061308,0.45352525522146037,0.0023783775574303264,0.0
111,0,33,1,False,True,False,-1.5258731051670182,-1.6637491771061308,1.4647190629868245,0.0023822059025068133,0.0
112,0,36,1,False,False,False,-0.856300133781129,-1.2973531261616564,0.7092201969538452,0.0023911472692036482,0.0
113,1,46,1,False,False,True,-1.3584798623205459,-1.3670440053354431,-0.9668275314995513,0.002473433179770021,0.0
114,0,30,1,False,False,False,-1.3584798623205459,-1.3732177244552186,1.2797949816926417,0.0025253269758630623,0.0
115,0,52,0,True,False,False,-1.5258731051670182,-1.6637491771061308,0.8056200538347379,0.0025671507229682445,0.0
116,0,26,0,False,False,True,-1.3584798623205459,0.03031945601888009,1.7285977460365813,0.002601526769830445,0.0
117,1,56,0,True,False,False,-1.3584798623205459,-0.7396287847710992,1.5354641031251324,0.00260217817496501,0.0
118,0,25,0,False,False,True,-1.1910866194740737,-0.317373142260172,2.1045008503231935,0.0027011723559074385,0.0
119,1,57,0,False,True,False,-1.1910866194740737,-1.4052773447513378,0.5831531209714464,0.002719489617331989,0.0
120,1,43,0,False,False,False,-1.5258731051670182,-1.6637491771061308,0.42593681083729545,0.0028232807673098078,0.0
121,1,23,0,False,True,False,-1.5258731051670182,-1.6637491771061308,1.0983564285331795,0.0028232907003892093,0.0
122,1,39,1,False,False,True,-1.3584798623205459,-1.4283406790616069,1.2329995922570585,0.0028396516825928897,0.0
123,0,61,1,False,False,False,-1.1910866194740737,0.2659202023143376,1.440026462376787,0.00290561976165715,0.0
124,0,26,1,False,False,False,-1.5258731051670182,-1.6637491771061308,0.12867959074195512,0.0029627953443357286,0.0
125,0,45,1,True,False,False,-1.0236933766276013,-0.711537645499224,1.3266035652277037,0.003114902519742147,0.0
126,0,48,0,False,True,False,-0.5215136480881846,-0.16395649239404975,1.2921547755426506,0.0032428455916027254,0.0
127,1,28,1,False,False,True,-1.1910866194740737,-1.1228132719939548,0.682609831601185,0.0033319463087733304,0.0
128,1,44,0,False,True,False,-1.5258731051670182,-0.9714969001741637,1.135854696351313,0.0033605325303678163,0.0
129,0,55,0,False,True,False,-1.5258731051670182,-1.6637491771061308,1.4595399329987093,0.0034202134027069937,0.0
130,1,25,0,False,False,False,-1.1910866194740737,-1.2069650904185067,0.5529103015644453,0.0034801148502800693,0.0
131,1,20,1,False,False,False,-1.3584798623205459,-1.3642143740818304,1.4148079656557342,0.003496447221880821,0.0
132,0,25,1,True,False,False,-1.5258731051670182,-1.6637491771061308,0.9945852352278074,0.0034973738698168477,0.0
133,0,55,1,False,False,False,-1.3584798623205459,-1.2316030575580574,0.4953571160624161,0.0035579324638041004,0.0
134,0,61,0,False,True,False,-1.3584798623205459,-0.22753087624925702,1.2137838035681945,0.003588971609721614,0.0
135,0,55,0,True,False,False,-1.5258731051670182,-1.3741181778609375,1.001944842306995,0.003723962073921218,0.0
136,1,21,1,True,False,False,-1.5258731051670182,-1.6637491771061308,2.100911131298193,0.003747878344487643,0.0
137,0,38,0,False,True,False,-1.5258731051670182,-1.6637491771061308,2.0690452705250406,0.0037565286953686688,0.0
138,1,22,0,False,False,False,-1.0236933766276013,-1.2513778376065892,1.566624358555829,0.00376454699175576,0.0
139,0,61,1,False,False,True,-1.5258731051670182,-1.6637491771061308,-0.0919228663635324,0.003846782831418322,0.0
140,1,49,0,False,False,False,-0.6889068909346567,0.19495673804761965,1.9069922210285206,0.00388430402378603,0.0
141,0,49,1,False,True,False,-1.5258731051670182,-1.6637491771061308,1.3887297165225798,0.003986038015716865,0.0
142,1,57,1,True,False,False,-0.5215136480881846,-1.1968784502376812,1.2426970755053701,0.004081524709071106,0.0
143,0,41,1,False,False,True,-0.856300133781129,-1.5901051470617995,1.1489446327708976,0.004421264250812798,0.0
144,0,31,0,False,False,True,-0.6889068909346567,-0.7848218616661936,1.281587653908565,0.0045245369586446775,0.0
145,1,34,0,False,False,True,-0.5215136480881846,-1.430110795571863,0.7503732872037123,0.004568500936577765,0.0
146,0,60,0,False,True,False,-1.3584798623205459,-0.18174505468397406,0.7875971297127764,0.004608494060733977,0.0
147,1,47,0,True,False,False,-1.5258731051670182,-0.8899963943400396,0.2240808376974357,0.004729172516601137,0.0
148,1,44,0,False,True,False,0.6502390518371214,-0.34760878075818447,1.3886447341985269,0.004804195029975706,0.0
149,0,46,1,False,False,False,-1.5258731051670182,-1.6637491771061308,2.063894145824137,0.004883606333516347,0.0
150,1,59,1,False,False,False,-1.5258731051670182,-0.7079058398351827,1.1375592957904235,0.0049644173548419376,0.0
151,1,61,0,False,False,True,-0.5215136480881846,-1.2362079148471485,1.2886712812600027,0.0052695804230610144,0.0
152,0,45,0,False,True,False,-1.5258731051670182,-0.2593632246199806,0.3229340091978596,0.005284951182321947,0.0
153,1,60,1,False,False,True,-1.5258731051670182,-0.8799796273452775,1.143617677088935,0.005392693966995892,0.0
154,0,31,1,False,True,False,-1.5258731051670182,-0.8662485230735026,1.0132555689861935,0.005546867744778434,0.0
155,0,48,1,False,False,False,-0.856300133781129,-0.9744350634495431,0.6352182284843995,0.005753418950689816,0.0
156,1,46,0,True,False,False,-0.5215136480881846,-0.8115094648210375,0.64603942186812,0.005848877487834034,0.0
157,0,52,1,False,False,True,-0.856300133781129,-0.9956572656886449,1.1196832804325043,0.005944120702899862,0.0
158,0,51,0,False,False,False,-1.0236933766276013,-1.367739477718759,0.45892807284595755,0.0059944513511514495,0.0
159,0,30,1,False,False,False,-1.3584798623205459,-0.8429139905210762,0.7450468124770341,0.006089549211331067,0.0
160,1,30,1,True,False,False,-1.5258731051670182,-1.5468732516229968,-0.4137479247188984,0.006226898256413037,0.0
161,0,23,1,False,True,False,-1.1910866194740737,-0.9422497998594905,1.2624104709194293,0.006343444084229368,0.0
162,1,46,0,False,False,False,-0.856300133781129,-1.0035197895623316,0.5181778021044292,0.0063856337179269175,0.0
163,1,26,1,False,False,False,-1.0236933766276013,-0.5297528386000687,0.4698577392718324,0.00639691796488945,0.0
164,0,20,0,False,False,True,-1.5258731051670182,-1.6637491771061308,1.806110755401792,0.007037698737792443,0.0
165,0,58,1,False,True,False,-1.5258731051670182,-0.7135493763109978,1.282595488693276,0.0070580836323491615,0.0
166,0,49,0,False,False,True,-0.019333919548767686,-0.2639820166399472,0.9427498529151916,0.007087029365180018,0.0
167,1,57,0,False,False,False,-1.5258731051670182,-1.6637491771061308,1.106972463525714,0.007102788512983376,0.0
168,0,18,0,False,False,False,-1.3584798623205459,-0.6013334769145772,2.364343457942669,0.007149894878393134,0.0
169,1,29,1,False,False,True,-1.5258731051670182,-0.46008132595689266,0.47710374354682955,0.007159564561925352,0.0
170,0,20,0,False,False,True,-0.6889068909346567,-1.2053125990643623,1.6595180621204497,0.007356859323385866,0.0
171,0,46,1,True,False,False,-1.1910866194740737,-0.2936305013087317,1.414409845475503,0.007655636048206674,0.0
172,1,45,1,False,True,False,-1.5258731051670182,-0.3748657836379437,1.0869979030599637,0.007659137397672875,0.0
173,1,24,1,True,False,False,-1.5258731051670182,-1.6637491771061308,-0.5325911121052481,0.007871535389355068,0.0
174,0,30,0,True,False,False,-0.856300133781129,0.30166396232556264,1.5311329370690143,0.008272887325182157,0.0
175,0,19,0,False,False,False,-1.5258731051670182,-1.6637491771061308,0.6779598874850268,0.008461411364314272,0.0
176,1,47,1,False,True,False,-1.5258731051670182,-1.6637491771061308,1.9544783708495739,0.008514767162113461,0.0
177,0,31,1,False,True,False,-1.1910866194740737,-0.46839568812065296,0.20101340634702353,0.008520452419689545,0.0
178,0,28,0,False,False,True,-1.5258731051670182,-1.0341415842008568,0.8896687167711943,0.008686330764770229,0.0
179,0,53,1,False,False,True,-0.6889068909346567,-1.1639351981644044,1.0049115202305627,0.008776289547294643,0.0
180,0,25,1,True,False,False,-1.5258731051670182,-1.6637491771061308,1.5269866874889093,0.00895021425198837,0.0
181,1,45,1,True,False,False,-0.35412040524171223,-1.4945555915100408,0.8382473582058794,0.009240666985683758,0.0
182,0,23,1,False,True,False,-1.1910866194740737,-1.177807397384293,0.10852518489562694,0.009409278109397706,0.0
183,0,21,0,False,True,False,-1.5258731051670182,-0.7419863456267142,1.5603874207452437,0.009561330562014999,0.0
184,1,43,1,False,False,False,-0.35412040524171223,-0.8100265592088421,0.537246977883414,0.009683104839534985,0.0
185,1,50,1,False,False,False,-1.5258731051670182,-1.6637491771061308,1.1958077266706464,0.009709075484243867,0.0
186,0,52,0,False,True,False,-0.856300133781129,-0.9084228437035948,0.7432052762225652,0.009763155376462789,0.0
187,1,20,0,False,False,False,-1.1910866194740737,-0.4598454932691324,1.6079587615293534,0.010039144094491644,0.0
188,1,53,0,False,True,False,-1.0236933766276013,-0.9943235310335776,0.2656611939491735,0.010078851732192475,0.0
189,0,27,1,False,True,False,-1.1910866194740737,0.21259347795352398,1.0132563887385713,0.010356054095806363,0.0
190,0,44,1,False,True,False,-1.0236933766276013,-0.6747670101058818,0.8799935969801969,0.010379766709999115,0.0
191,0,63,0,True,False,False,-1.0236933766276013,-0.7226102187532728,0.7278113544474101,0.010397408665432383,0.0
192,0,41,1,False,False,True,-0.6889068909346567,-1.3496940060625622,-0.24140077762037843,0.010589202627406471,0.0
193,1,32,1,True,False,False,-1.5258731051670182,-1.6637491771061308,0.8212360245600434,0.010705854386253334,0.0
194,1,60,0,False,True,False,-1.5258731051670182,-0.3508023984568876,0.7902414383756136,0.010796114675683461,0.0
195,0,62,0,False,False,True,-1.5258731051670182,-1.6637491771061308,0.8218534866038442,0.011111469485563135,0.0
196,1,46,1,True,False,False,-1.3584798623205459,-1.6372023396556432,0.7049190890888911,0.011140097179916349,0.0
197,1,40,1,False,False,False,-1.1910866194740737,-0.1394748033740032,0.4631329787042439,0.011604346930174167,0.0
198,1,37,0,False,False,True,-1.3584798623205459,-1.2331507438104792,0.7493409474883695,0.01172806927794954,0.0
199,0,46,1,False,True,False,-1.1910866194740737,-1.2490453257963838,0.578459776457288,0.011743265117180372,0.0
200,0,30,1,True,False,False,-1.0236933766276013,-1.2328662405455952,1.4317449388988899,0.012456290679330746,0.0
201,0,37,0,False,False,False,-1.5258731051670182,-1.6637491771061308,0.6389043469840782,0.012821819978891908,0.0
202,1,42,1,False,False,True,-1.5258731051670182,-0.4831258893929117,0.8035381968091675,0.012842307829504207,0.0
203,0,62,1,False,False,True,-0.6889068909346567,-1.2082654009249463,1.3869494546470866,0.012963859441038457,0.0
204,0,38,1,False,False,False,-0.856300133781129,-1.1581373921653693,-1.0274495948556013,0.01298918255746592,0.0
205,0,38,1,False,False,True,-0.5215136480881846,-0.6281356479283067,0.08984642321434319,0.013003235335330491,0.0
206,0,39,0,False,False,False,-1.1910866194740737,-0.9031721185951428,-0.3421558596521141,0.013100572698201886,0.0
207,0,63,0,False,False,True,-1.3584798623205459,0.31894028139722325,1.4492517119410953,0.013327176364687944,0.0
208,0,37,0,False,True,False,-0.019333919548767686,1.2728151371143201,1.472412393016165,0.013575851123560334,0.0
209,1,30,0,False,True,False,-1.5258731051670182,-0.3234753775866945,1.809511356856304,0.013721466075403596,0.0
210,1,48,0,False,True,False,-0.5215136480881846,-0.15830939470270644,1.862792648350655,0.013802325042955758,0.0
211,1,34,0,False,True,False,-1.0236933766276013,-0.711040078145688,1.187788873190597,0.014085391199328596,0.0
212,0,50,0,True,False,False,-0.856300133781129,-0.8806200159126304,1.651187532621156,0.014176955677822487,0.0
213,1,30,0,False,False,True,-1.1910866194740737,-0.7198963684957059,1.205225736081593,0.014195533566921213,0.0
214,0,54,0,False,False,True,-1.1910866194740737,-1.3856283985183242,0.8962789860673066,0.014236420830730205,0.0
215,1,41,1,True,False,False,0.1480593232977046,-1.3059680145087975,0.1687342944804953,0.014294347421346144,0.0
216,0,41,1,False,False,False,-0.856300133781129,0.31540722689655726,0.9563465187630213,0.014368440405112756,0.0
217,1,61,1,False,False,True,-0.35412040524171223,-0.3801187971351791,0.9172870746573443,0.014530102946075138,0.0
218,1,25,1,False,True,False,-1.5258731051670182,-1.6637491771061308,0.724300677969482,0.014847293884248753,0.0
219,0,61,0,False,True,False,-0.856300133781129,-0.9667139266408583,0.9091783932975139,0.014927417353271945,0.0
220,0,38,0,False,False,True,-1.5258731051670182,-0.8546660524285306,1.4617520105760295,0.015040615037520973,0.0
221,0,32,0,False,True,False,-1.0236933766276013,-0.6304989240267364,0.9717039712899387,0.015253932368830811,0.0
222,0,30,0,False,False,False,-0.5215136480881846,0.45938914616784293,0.6784291134501644,0.01541133020619654,0.0
223,1,25,1,False,False,False,-1.0236933766276013,-1.337706567779999,0.8564135001026421,0.015600747163854022,0.0
224,0,52,0,False,True,False,-0.856300133781129,-0.7061442239330296,0.4916036505148765,0.01578925898216728,0.0
225,0,61,0,False,False,False,-0.6889068909346567,-0.6104472479785916,0.01024312184667069,0.01579922403272429,0.0
226,0,20,0,True,False,False,-1.1910866194740737,-0.5415383226880917,0.31901463006553626,0.016128110997219083,0.0
227,1,61,1,False,False,False,-1.3584798623205459,-0.8980164683365769,0.6558236456127413,0.01620229639519261,0.0
228,1,45,1,False,True,False,-1.0236933766276013,-0.6839466159652885,0.1040248293001075,0.01663714798643638,0.0
229,1,36,0,True,False,False,-1.1910866194740737,-0.1483815788321203,0.6255635368611585,0.016968389865931414,0.0
230,0,29,1,True,False,False,-1.5258731051670182,-1.6637491771061308,0.7303633607015202,0.018146549423697613,0.0
231,0,56,1,False,False,True,-0.856300133781129,-1.0089013825955975,0.8075064486416262,0.018152315941475067,0.0
232,1,45,0,False,True,False,-1.5258731051670182,-1.6637491771061308,1.6317452071767218,0.018208213260322265,0.0
233,1,38,1,True,False,False,-1.3584798623205459,-1.5619023994216894,1.4384145493616687,0.01875614183033639,0.0
234,1,64,0,False,True,False,-0.856300133781129,0.011535186773777795,1.271864552709978,0.019113180939565058,0.0
235,0,34,1,False,False,False,-0.856300133781129,-0.1516669077806757,0.9162496915576251,0.019479066921880058,0.0
236,1,46,0,False,True,False,-0.18672716239523995,-0.9737818122959199,0.9085741406395006,0.02016329931006741,0.0
237,0,21,1,False,False,True,-1.1910866194740737,-0.24487815153773843,1.5850133748429514,0.020201328638567044,0.0
238,1,49,1,False,False,False,-1.0236933766276013,-0.8098745055216277,1.0829573863779256,0.020941018120245153,0.0
239,1,20,1,False,False,True,-0.5215136480881846,-0.5178419653985092,1.0239936077502634,0.02101651000905362,0.0
240,1,21,1,False,False,False,-0.856300133781129,-0.4719246048514899,1.8527681356938195,0.021976256633238184,0.0
241,0,38,0,False,False,True,-1.5258731051670182,-0.6480640374498452,0.653085887748716,0.02234579061985308,0.0
242,1,25,0,True,False,False,-1.0236933766276013,-0.8766334641887347,-0.8268066041597131,0.02264200785003552,0.0
243,1,25,1,False,False,True,-0.6889068909346567,-0.5483860426779453,0.6605279787241112,0.023737967269849905,0.0
244,0,27,0,False,False,True,-1.5258731051670182,0.10838803024111614,0.8689490024903829,0.02511147353714405,0.0
245,1,26,0,True,False,False,-0.35412040524171223,-0.6667710639872196,-0.08857656194834844,0.025156666106215485,0.0
246,0,51,0,False,True,False,-1.0236933766276013,-1.651251711618995,1.1466954955295219,0.025537334139810287,0.0
247,0,41,0,False,True,False,-1.1910866194740737,-0.42535767469715124,0.4901379904830316,0.026572262305074822,0.0
248,0,46,0,False,False,False,-1.5258731051670182,-1.6637491771061308,1.4111771885805422,0.026577075706271595,0.0
249,0,42,1,False,False,False,-1.3584798623205459,-1.6024834768801304,0.8333769901888164,0.0266404024232449,0.0
250,1,39,1,False,False,False,-1.5258731051670182,-1.6637491771061308,1.5740024051735684,0.02712939961042782,0.0
251,1,30,1,False,False,True,-0.5215136480881846,-0.7856317689025081,-0.7300760181689185,0.02717856917255911,0.0
252,1,25,1,False,False,False,-1.1910866194740737,-1.023568197317863,1.3761387175725983,0.027183518315677422,0.0
253,1,47,1,False,True,False,-0.019333919548767686,1.0473961388328024,1.7463096671971439,0.027924887550691162,0.0
254,1,18,1,False,False,False,-1.3584798623205459,-1.1719523435333818,-0.2720421698531361,0.02838617570356252,0.0
255,1,56,0,True,False,False,-0.6889068909346567,-1.1513495323789766,-0.3100986401355662,0.028744336951423678,0.0
256,0,19,0,False,True,False,-0.5215136480881846,-0.19263473872327994,1.351619617562643,0.028965861958941738,0.0
257,1,55,1,False,True,False,-1.5258731051670182,-1.6637491771061308,0.6352181300467798,0.029329483039683676,0.0
258,0,27,0,False,False,False,-0.5215136480881846,-0.4290624831820049,0.7785767349732914,0.029474126328477044,0.0
259,0,48,0,False,False,True,-1.0236933766276013,-0.6009588035089615,0.9193303105330022,0.029561229924232903,0.0
260,0,41,1,False,True,False,-1.5258731051670182,-1.126615335780094,0.894714456661193,0.03040123117647081,0.0
261,0,25,0,False,False,False,-0.856300133781129,0.15933630313738528,-0.38955070966055344,0.030757296809909275,0.0
262,1,25,0,True,False,False,-1.5258731051670182,-1.6637491771061308,1.1576139753061554,0.031041461945037988,0.0
263,0,60,1,False,True,False,-1.5258731051670182,-1.6637491771061308,-0.33051521593571237,0.031249071895390782,0.0
264,1,23,1,False,False,True,-0.18672716239523995,-0.02326828685259079,1.411856741756554,0.031334818540790906,0.0
265,0,54,1,False,False,True,-0.18672716239523995,0.8927579227799253,1.7224076590455664,0.03138664696733569,0.0
266,1,54,0,False,False,False,-0.6889068909346567,-0.6694283379388075,1.848522779329788,0.03163565974106191,0.0
267,0,51,1,False,True,False,-1.0236933766276013,-0.8632591908929266,1.5398541165993107,0.03228484824796954,0.0
268,0,18,0,True,False,False,-1.3584798623205459,-1.6624058003546849,1.1339948326510982,0.03231750304327457,0.0
269,0,20,0,False,False,True,-1.1910866194740737,-0.280072511313472,1.5937325484190168,0.03274898244658286,0.0
270,1,64,1,True,False,False,-1.3584798623205459,-0.5620019317991228,1.4163015088935718,0.03281300385951693,0.0
271,0,35,0,False,False,False,-0.35412040524171223,-1.2825211556318306,1.0601960685650123,0.033273887763447,0.0
272,1,47,0,False,False,True,-1.3584798623205459,-1.2757687339996786,-0.3140581156347033,0.03434968375698881,0.0
273,1,21,1,False,True,False,-0.18672716239523995,-1.2562868989498062,1.0535904620975882,0.034536904656110694,0.0
274,0,30,1,False,False,True,-1.1910866194740737,-0.6711919943948382,0.7335864321758624,0.03516840663551338,0.0
275,1,41,0,False,True,False,-0.5215136480881846,-0.9762776319499739,0.006705863607049494,0.036033957019230824,0.0
276,0,25,1,False,True,False,-0.856300133781129,-1.0700777235347918,0.4667496741508189,0.03722160164556621,0.0
277,0,42,1,True,False,False,-0.6889068909346567,-0.7987540925606272,0.5013899419172909,0.03763673992232345,0.0
278,1,30,0,True,False,False,-1.1910866194740737,-1.2119193203154883,0.30071629240396003,0.03896010696688891,0.0
279,0,60,1,False,False,False,-0.856300133781129,-0.6913809881178737,0.7678081828164679,0.039261173474761074,0.0
280,1,20,0,False,True,False,-1.5258731051670182,-1.6637491771061308,-0.16199319014775002,0.03936848416990816,0.0
281,0,23,0,False,False,False,-1.3584798623205459,-1.56144763736051,1.2612233792783296,0.03940194025423633,0.0
282,0,48,1,False,False,False,-0.35412040524171223,0.3259535245747213,0.687913697426199,0.039914713564769215,0.0
283,0,51,1,False,False,True,0.1480593232977046,-1.357745979048178,-0.37289526357531344,0.040507949869871315,0.0
284,0,54,1,True,False,False,-1.0236933766276013,-1.4176527788739794,2.31045089985903,0.040778371212772536,0.0
285,1,25,0,True,False,False,-0.5215136480881846,-0.21739749945242687,0.899737330870278,0.04112606282265755,0.0
286,0,47,1,False,False,True,-1.0236933766276013,-1.3442294884792596,2.215006327215153,0.041761145959226344,0.0
287,1,27,0,False,False,True,-1.1910866194740737,-1.5696214107194184,-0.13883870018234873,0.04177019970431452,0.0
288,1,28,1,True,False,False,-1.5258731051670182,-1.188166216392358,-0.4680455660057922,0.04310888126567335,0.0
289,0,32,1,False,False,False,-0.5215136480881846,-1.569922728591757,0.43963936186936514,0.04333335225483748,0.0
290,0,51,1,True,False,False,0.3154525661441769,0.898069834657185,1.4059456477025372,0.044346932757300395,0.0
291,1,38,0,False,True,False,-1.1910866194740737,-0.9901288487115953,0.5004137903459681,0.04435458182388223,0.0
292,1,49,0,False,False,False,-0.5215136480881846,-1.218237769582981,-0.2873610134708765,0.04446725433167462,0.0
293,0,59,1,False,False,False,-0.5215136480881846,-1.316414688584382,0.6506386433265698,0.04501864257144828,0.0
294,0,33,0,True,False,False,-1.0236933766276013,-1.295666763460106,0.5986621803190973,0.04619581405194001,0.0
295,1,31,1,False,True,False,-1.3584798623205459,-1.5711651889438438,0.9347779338336449,0.04629021781453326,0.0
296,1,57,0,False,False,True,-1.0236933766276013,-0.18431637319801733,0.24599118073774284,0.04674981499444188,0.0
297,1,61,1,True,False,False,0.1480593232977046,-0.6952688991267688,0.741767998404302,0.04816094209054959,0.0
298,0,49,1,True,False,False,-1.0236933766276013,-0.5500957163572048,-0.6893525796055534,0.048626460616845384,0.0
299,0,42,1,True,False,False,-0.856300133781129,-0.8475075414147631,1.2538345933293764,0.0494976153479532,0.0
300,0,33,0,True,False,False,-0.019333919548767686,1.4035327710549625,2.073077764313226,0.04995946057826362,0.0
301,1,61,1,False,False,True,-0.18672716239523995,-0.058484005583955896,1.2241920797794523,0.05016651589950581,0.0
302,1,40,0,False,True,False,-0.6889068909346567,-1.051879008623969,0.51047331015868,0.05155901389565,0.0
303,1,60,1,False,False,False,-1.5258731051670182,-1.4282446559495456,0.9126416664219671,0.05285291705438791,0.0
304,1,50,0,False,False,False,0.8176322946835937,0.7170886978933055,1.563241777689052,0.05320583936445209,0.0
305,1,34,0,True,False,False,-0.35412040524171223,-0.8566279363543489,-0.03548579422721177,0.05346372416846207,0.0
306,1,23,1,False,False,False,-1.0236933766276013,-1.5795755220601118,1.470138146983395,0.053518284523435086,0.0
307,1,46,0,False,False,True,-0.856300133781129,-0.6393676303207008,0.06734981502272093,0.05369577594617836,0.0
308,1,44,1,True,False,False,-1.0236933766276013,-0.13123961942910983,2.5913075672036934,0.053904492827604164,0.0
309,1,59,0,False,False,False,-0.019333919548767686,-0.8503021723649558,0.5854714499513934,0.05429632561009901,0.0
310,1,42,1,False,False,False,-0.856300133781129,-1.1218716174068244,0.8950345986412233,0.05450730812705062,0.0
311,1,58,1,False,False,False,-1.5258731051670182,-0.43976989260415084,1.7897174568269085,0.05485024341930308,0.0
312,0,61,1,False,False,True,-1.3584798623205459,-1.1238538713465784,-0.2566053156060963,0.05603927924064585,0.0
313,1,20,1,False,True,False,-0.856300133781129,-1.1969364419000108,0.1308581825838715,0.05729128876803907,0.0
314,1,31,0,False,False,True,-0.18672716239523995,-0.5483641252938048,-0.7585612671649776,0.05770538793097497,0.0
315,1,38,1,True,False,False,-1.5258731051670182,-0.09659110775139182,0.21186677825270603,0.05860014072751661,0.0
316,0,45,0,False,True,False,-1.0236933766276013,-0.32237359625006917,0.32269520715872213,0.0595254528812019,0.0
317,1,41,0,True,False,False,-0.856300133781129,-0.5641958538952678,0.33124550459046825,0.06288829734157651,0.0
318,0,62,1,False,False,True,-0.6889068909346567,-1.4631160372674428,1.7715999891188443,0.06337536093082312,0.0
319,1,43,1,False,False,True,-1.0236933766276013,-0.1532263978302155,1.3301828412698355,0.06460708466565544,0.0
320,1,42,1,True,False,False,0.1480593232977046,-0.4442602874878541,0.782456559944628,0.06564004170699038,0.0
321,0,18,0,False,False,False,-0.5215136480881846,0.8164522654720111,0.46573699071731695,0.06717163045161571,0.0
322,0,29,1,False,False,False,-1.5258731051670182,-1.6637491771061308,1.339418609460307,0.0683972244143319,0.0
323,0,20,0,True,False,False,-0.856300133781129,-1.0976660631534207,0.14283266935409691,0.06901069497730856,0.0
324,1,64,1,True,False,False,0.48284580899064916,-0.5754486214327857,0.4238090245411002,0.07009919679272755,0.0
325,1,37,0,True,False,False,-1.1910866194740737,0.6037959195755415,1.1933826728032508,0.07022686944644871,0.0
326,0,26,1,False,False,True,-0.6889068909346567,-1.0547239427464032,1.6560873625005357,0.0703534423479129,0.0
327,1,54,0,False,True,False,-0.5215136480881846,-0.1741484516327532,0.4912213922402733,0.07075636879990045,0.0
328,1,31,1,False,False,True,-0.6889068909346567,-0.5123280369102542,-1.2069278975423543,0.07085122443031064,0.0
329,1,24,1,True,False,False,-0.6889068909346567,-0.04498604169043968,1.2481992245318327,0.0709750998071813,0.0
330,1,61,0,True,False,False,0.48284580899064916,-1.2723871356159597,-0.12053342505581749,0.0713991733101237,0.0
331,1,52,0,False,False,True,-0.6889068909346567,-0.9595138906534848,0.8417435065541975,0.0718207283732598,0.0
332,0,28,0,False,False,False,-0.35412040524171223,-0.4821879567592003,-0.2048610108326941,0.07276964205408559,0.0
333,0,26,0,True,False,False,-0.18672716239523995,-0.104450438815346,1.1638022100490133,0.0739552364862287,0.0
334,1,61,0,False,True,False,-1.0236933766276013,-0.6769649020309666,0.5560190134881932,0.07414524015544562,0.0
335,1,18,1,False,True,False,-0.019333919548767686,-0.7845726341241471,-0.9295660664703866,0.07626686865656554,0.0
336,0,21,1,False,False,True,-1.5258731051670182,-1.6637491771061308,2.2452212209999147,0.07744161693164801,0.0
337,1,45,1,False,True,False,-1.3584798623205459,-0.7716352138124495,1.7077523800933045,0.07810475021795571,0.0
338,0,32,0,False,False,True,-1.1910866194740737,-0.18574899171607523,0.1453983833075065,0.07867214538003137,0.0
339,1,39,0,True,False,False,-0.019333919548767686,-0.11510997587826864,1.574902288638327,0.07867606039618791,0.0
340,0,39,1,False,False,True,-0.856300133781129,-0.5551207944439206,1.8648322007168916,0.07870182003399911,0.0
341,1,61,1,False,True,False,-1.1910866194740737,-0.038748010020416876,0.2898489778055949,0.07919681375660362,0.0
342,1,52,0,True,False,False,-1.5258731051670182,-1.5498937600877838,2.4537435277787836,0.07932063686781732,0.0
343,1,21,0,False,False,False,-1.0236933766276013,-0.4268641494459794,0.4789177669628362,0.07936757546953313,0.0
344,0,32,0,True,False,False,-0.6889068909346567,-0.738860668185634,0.40561524314098046,0.0801637973595145,0.0
345,1,54,0,False,False,True,-0.18672716239523995,-0.30775838422698826,0.7316675985276518,0.08041288209952717,0.0
346,0,34,1,False,False,False,-0.856300133781129,0.007099514807344231,0.29521990461378456,0.0808559357709382,0.0
347,1,37,1,False,True,False,-1.1910866194740737,-0.2504447134043987,1.1930246981094386,0.08092290745112068,0.0
348,1,43,0,False,True,False,-0.35412040524171223,-0.8776671011926851,0.31149879635727723,0.08138814478698438,0.0
349,0,24,1,False,False,False,-1.5258731051670182,-1.6637491771061308,1.3226077048468734,0.08227331145792133,0.0
350,1,47,1,False,True,False,-0.6889068909346567,-1.1612558428195878,0.5263847107625259,0.08249473581271285,0.0
351,0,21,1,True,False,False,-1.0236933766276013,-0.39365892045186235,2.3417674879681143,0.08424042896960199,0.0
352,0,48,1,False,False,True,-1.5258731051670182,-1.391794830268957,1.2814547195882235,0.08626382631140467,0.0
353,0,58,1,False,False,True,0.3154525661441769,-0.7918573799781419,-0.26059190517053316,0.0892296086523816,0.0
354,0,31,1,True,False,False,-1.1910866194740737,-1.2593671543993774,1.1159462605246477,0.09165696649713068,0.0
355,0,27,1,False,True,False,-1.0236933766276013,-0.9285702279586784,0.2718116574746708,0.09237605908491525,0.0
356,0,19,0,False,False,True,-1.5258731051670182,-1.6637491771061308,0.9898843441794554,0.09309448924721214,0.0
357,1,41,0,False,False,True,0.1480593232977046,-0.6194012115940144,0.13034779499313953,0.09324450216976295,0.0
358,0,31,0,False,True,False,-0.35412040524171223,-0.8952654660578719,0.5458108484169313,0.09460900691493102,0.0
359,0,62,0,False,False,True,0.6502390518371214,0.31382795236527283,1.1082316347788488,0.09500364357281257,0.0
360,1,40,1,False,True,False,-1.1910866194740737,-1.3048302884000567,-0.8414499156569892,0.09507836459434708,0.0
361,0,61,0,False,False,True,-0.5215136480881846,-1.4212019417074175,-0.16806004968640045,0.095310370851418,0.0
362,1,64,1,False,False,True,-1.1910866194740737,-1.0190486860696877,1.673825562921463,0.09885419966310363,0.0
363,0,24,1,False,False,False,-1.0236933766276013,-1.268560675858286,0.5323715145901701,0.09945393945558942,0.0
364,0,21,1,False,True,False,-0.6889068909346567,-0.33909083825301956,1.3946599285785535,0.099569214092025,0.0
365,0,50,1,False,False,True,-0.5215136480881846,-0.5299308528793353,0.36329816707382884,0.1006306897867694,0.0
366,1,28,1,False,False,True,-0.856300133781129,-1.022467692311956,1.0052019803869552,0.10097303058143477,0.0
367,0,59,1,False,False,False,-0.019333919548767686,1.2734988605018307,0.6757817906180973,0.10131827774957122,0.0
368,0,20,0,False,False,True,-0.35412040524171223,-1.1567324167079365,-0.4036363533376891,0.10181252975066118,0.0
369,0,21,0,False,False,True,-0.6889068909346567,-0.40367080249361376,0.6729738422262248,0.10205986607320174,0.0
370,1,51,0,True,False,False,-0.5215136480881846,-1.158271463854949,0.6722888685921624,0.1021247607697351,0.0
371,0,41,1,False,False,True,-0.6889068909346567,-1.0707777514173966,0.018767347107037338,0.1024780290611554,0.0
372,1,36,1,False,False,False,-0.18672716239523995,-0.679567039052026,0.8218806125234122,0.10402223648478298,0.0
373,1,32,0,False,False,False,-0.5215136480881846,0.08459029922366197,1.0495601711164237,0.10511132031716258,0.0
374,1,36,0,False,False,False,-0.35412040524171223,-0.23789927036228206,0.8876626177765901,0.1078751900190305,0.0
375,0,19,1,False,True,False,-1.5258731051670182,-1.6637491771061308,0.6401419583391516,0.11066282062494058,0.0
376,1,22,1,False,False,False,-1.3584798623205459,-0.1915135352518525,1.2019282759350691,0.11078465559501041,0.0
377,1,44,0,False,False,True,0.1480593232977046,-0.5785720206180608,-0.32727813465426264,0.11144053236853875,0.0
378,1,25,0,False,False,False,-0.856300133781129,-1.2512745149448186,1.6163045282831967,0.11359148447105824,0.0
379,0,50,1,False,False,False,-1.0236933766276013,-1.1753768429888614,1.5938671003531406,0.11369451494561503,0.0
380,1,44,0,False,False,True,-0.856300133781129,-0.7547383444458609,-0.03667966859158065,0.11432290417333107,0.0
381,1,46,0,False,True,False,-0.856300133781129,-1.3214014313200222,-0.4317010584724682,0.11526929369113634,0.0
382,0,24,1,False,False,False,-0.35412040524171223,0.10146139346830516,0.5228754028707274,0.1174396973970644,0.0
383,1,61,0,True,False,False,-0.856300133781129,0.03545862909944617,0.6140736127318107,0.11751867148369609,0.0
384,1,47,1,False,False,False,-1.5258731051670182,-0.41037945444643653,0.7759864031028921,0.120967530583012,0.0
385,0,23,1,False,False,False,-0.35412040524171223,-1.1488711654434076,0.8729107791022306,0.12211679125996631,0.0
386,1,36,1,False,True,False,-0.5215136480881846,0.2617297889764372,0.3770367206496777,0.12212489109651721,0.0
387,0,34,0,False,False,True,-0.18672716239523995,-0.49088772347384374,0.6463655878111166,0.12338401005538857,0.0
388,0,62,0,False,False,False,-1.3584798623205459,-0.5478322973175664,0.17378831626792832,0.12383184578311766,0.0
389,0,53,0,True,False,False,-0.856300133781129,-1.367144512429881,-0.1521325677332895,0.12403789395988515,0.0
390,1,30,0,False,True,False,-1.5258731051670182,-0.5053978507420335,0.4312455257200749,0.12430084081574765,0.0
391,1,24,0,False,False,False,-0.35412040524171223,-0.9004109367538269,-0.13606436377413786,0.12446421001325408,0.0
392,1,36,1,True,False,False,-0.856300133781129,-0.9773107759462748,-0.33789875437132366,0.1251740911621323,0.0
393,0,41,1,False,False,True,-0.856300133781129,-0.8454232330995862,0.9002764167011256,0.12519916231596703,0.0
394,1,36,0,False,False,False,-1.1910866194740737,-0.6143835733374899,0.8112052621596942,0.12603620864103118,0.0
395,0,26,1,False,False,True,-1.0236933766276013,-0.3400864430078858,0.24648796833408196,0.12627065135479798,0.0
396,0,21,1,False,False,False,-1.5258731051670182,-1.6637491771061308,0.38826757408509865,0.12899677366749376,0.0
397,1,36,0,False,True,False,-0.6889068909346567,-0.6311130638652369,1.226237526842234,0.12982814582442254,0.0
398,1,32,1,False,True,False,-1.1910866194740737,-1.4793989813900796,0.7823958306316848,0.1340865530995763,0.0
399,1,59,0,False,False,False,-0.5215136480881846,-0.9771778675897747,0.13649594624136674,0.13574047314177487,0.0
400,0,33,0,False,False,False,-0.6889068909346567,-0.6542598318458417,0.2763642944137563,0.13996499226506443,0.0
401,0,28,1,False,False,True,-0.5215136480881846,-0.4881993175466745,1.6516576639548906,0.1471626000960482,0.0
402,1,19,0,False,False,True,-1.1910866194740737,-0.20907618295021987,0.358546264312156,0.1484348839887662,0.0
403,1,24,0,True,False,False,-0.5215136480881846,-1.2630637151683888,-0.4145033815662408,0.15006687370606733,0.0
404,0,30,0,False,False,False,0.3154525661441769,-0.6476539080350115,0.9077379519476577,0.15073460124196608,0.0
405,0,50,1,True,False,False,-1.1910866194740737,-0.43737298568299093,0.6062023432285,0.15077296028755277,0.0
406,1,46,1,False,True,False,-0.6889068909346567,-1.3832992316359076,0.343689364613179,0.152400986500457,0.0
407,1,33,0,False,False,True,-1.5258731051670182,-0.6516796932771153,0.15143297422117077,0.1545596345663754,0.0
408,1,30,1,False,True,False,-0.856300133781129,-0.7157973583788756,-0.23916896822874584,0.155529239968125,0.0
409,0,48,0,True,False,False,-1.3584798623205459,-0.5729593634677407,0.4775259688862886,0.1574442790533391,0.0
410,1,57,0,False,True,False,0.1480593232977046,0.44328563901549667,0.6855619917996074,0.15757750369394666,0.0
411,0,52,1,False,True,False,-1.1910866194740737,-0.21499321697495252,0.4859467941888077,0.15774433047365907,0.0
412,0,24,0,False,True,False,0.1480593232977046,0.21274993971520637,0.8653273001163848,0.1638371161294496,0.0
413,1,22,1,False,True,False,0.1480593232977046,-0.8984244639783623,-1.4853858351229619,0.1638774428465388,0.0
414,1,24,1,False,False,True,0.1480593232977046,-0.1506909057427771,0.7423899247870789,0.16502767544875474,0.0
415,0,52,1,True,False,False,-1.0236933766276013,-0.6959432008058319,0.05282596235757943,0.1651745151278346,0.0
416,0,50,0,False,False,True,-1.0236933766276013,-0.0552528574099482,0.4880552162492322,0.1653901805754606,0.0
417,0,57,1,True,False,False,-0.856300133781129,-0.2869595614421265,1.5394017646647888,0.16579436169161124,0.0
418,1,30,1,False,True,False,-1.1910866194740737,-0.9760014656380459,0.312069969032031,0.16835538023169724,0.0
419,0,23,1,True,False,False,-0.856300133781129,-0.8704712627064715,0.5213006435505679,0.17103825834605046,0.0
420,0,51,1,False,False,False,-0.18672716239523995,-1.0208329442163895,0.13720762515618287,0.17263995244390068,0.0
421,0,39,1,False,True,False,-0.6889068909346567,-0.8002575548776567,-0.10420959606813211,0.1761153482488914,0.0
422,1,25,1,False,False,True,-1.3584798623205459,-0.9062853308850304,0.4704098906218794,0.17822685628939622,0.0
423,1,23,1,False,False,False,-0.35412040524171223,-0.6491091517196466,0.3978670751487547,0.1792097310069598,0.0
424,0,48,1,False,False,False,-0.18672716239523995,-0.7608603047559331,1.234189604100814,0.17969356656048271,0.0
425,0,29,0,False,False,True,-0.019333919548767686,-1.1637436093702573,-0.47466779291949834,0.17986235750478238,0.0
426,0,40,0,False,False,False,-0.5215136480881846,-0.3455101474989779,0.33215994612226785,0.18003573279388568,0.0
427,0,58,0,True,False,False,-1.0236933766276013,-1.5954346689515941,0.05664056076351821,0.1806212193667289,0.0
428,1,38,0,False,False,True,0.48284580899064916,-0.1852474913728973,-0.04580379008994969,0.18133021669374597,0.0
429,0,57,0,True,False,False,-1.0236933766276013,-0.3695709523552377,0.5658051709130929,0.1821301912786819,0.0
430,1,29,0,True,False,False,-0.5215136480881846,-0.055382488724341906,0.29004909656248284,0.18641117294047183,0.0
431,0,49,0,False,True,False,-0.35412040524171223,-0.36873748206454965,-0.41530653909769016,0.18751246481789557,0.0
432,1,36,1,False,False,True,-1.5258731051670182,0.046183823095532074,0.8527607710029895,0.18779265147964994,0.0
433,1,41,0,False,False,False,-0.35412040524171223,-0.3141943269580041,0.16318669193791918,0.18813845634132798,0.0
434,0,34,0,False,True,False,-0.019333919548767686,-0.66417773594212,1.303582449277925,0.18840266079081983,0.0
435,0,45,0,False,True,False,-1.3584798623205459,0.14526927197404413,-0.2534641379064007,0.1891943646502914,0.0
436,0,40,1,False,True,False,-1.0236933766276013,-0.7763635010377746,-0.45142521760804033,0.19191489641001155,0.0
437,1,20,0,False,False,True,-0.6889068909346567,-0.013099945429404727,0.7266166306754458,0.19530454453710902,0.0
438,1,19,0,False,True,False,-1.1910866194740737,-0.3477868032464011,1.3538643386081342,0.19669707051933,0.0
439,0,39,1,True,False,False,-1.0236933766276013,-0.7888045646273907,2.0272979179931125,0.19692470901499737,0.0
440,1,45,1,False,False,True,-1.3584798623205459,0.04196184085822712,0.33627187334021874,0.19867759328270718,0.0
441,0,51,1,False,False,True,0.48284580899064916,-1.4224830246076254,0.15046633219121672,0.19943175738505436,0.0
442,0,41,0,False,False,True,-0.019333919548767686,-0.36870307973547123,-0.005120384562452564,0.2000148397720507,0.0
443,1,28,0,False,True,False,-0.5215136480881846,-0.11183966773125201,0.3740373877088266,0.20022732485315164,0.0
444,0,41,0,False,False,False,-0.6889068909346567,0.10347916888106966,0.9403473689284285,0.2005173312801261,0.0
445,1,61,0,False,True,False,1.1524187803765382,-1.2770944861067797,-0.524643268208028,0.20888614398038946,0.0
446,0,32,0,False,True,False,-1.5258731051670182,-1.6637491771061308,0.7651391692790672,0.2094775550141192,0.0
447,1,22,1,True,False,False,-1.5258731051670182,-0.2503324285721587,1.4833056041110644,0.21056553817890725,0.0
448,1,48,1,True,False,False,1.3198120232230106,0.4877180826873037,0.7239689011325459,0.2125850241504562,0.0
449,0,25,0,False,False,False,-0.856300133781129,-1.4654275559071948,-0.7371199399201634,0.21408760803594534,0.0
450,1,43,0,False,True,False,-0.6889068909346567,0.12002751768569637,0.6567344855991443,0.21435029866659697,0.0
451,1,45,0,False,False,True,-0.856300133781129,-1.3053348522304462,1.4743208745241911,0.2165399727678493,0.0
452,1,24,1,False,False,True,0.3154525661441769,-0.12411635035151246,1.0564300503328075,0.21658087987236072,0.0
453,0,45,0,True,False,False,-1.0236933766276013,-0.00821885495887931,0.16184076150738588,0.21969713768659185,0.0
454,1,24,0,False,False,False,0.48284580899064916,-0.0944527776482584,0.7941211808204531,0.22195430371183442,0.0
455,0,45,1,False,True,False,-1.5258731051670182,-1.6637491771061308,-0.08532398329579659,0.22656636250114148,0.0
456,1,19,0,False,False,False,-1.1910866194740737,-0.6780009088095001,2.3029067438158464,0.22969046558580827,0.0
457,1,52,1,False,True,False,-1.3584798623205459,-1.623904291315568,-0.016189563108347984,0.22989687657346145,0.0
458,1,18,0,False,True,False,-0.019333919548767686,-0.7981654251101535,1.3341656891960523,0.23370589654596305,0.0
459,0,21,0,False,True,False,-0.35412040524171223,-0.40642961709828623,0.060666731159112454,0.23714707907423394,0.0
460,1,48,0,True,False,False,-0.5215136480881846,-0.4627931457985649,0.2524988721735529,0.23883206403768525,0.0
461,1,48,0,False,False,False,-0.856300133781129,-0.49045182539675397,0.9415556706847111,0.23988927536506852,0.0
462,1,22,0,True,False,False,0.3154525661441769,-0.2630607160450914,0.8415892162124748,0.24005645889096927,0.0
463,0,40,0,False,False,True,-0.019333919548767686,-1.1816415213525833,-0.09972882670797914,0.24068202673488373,0.0
464,1,24,1,True,False,False,-0.019333919548767686,-0.5430608030654221,-0.05628000623983623,0.2408526346266315,0.0
465,1,35,1,False,True,False,-0.18672716239523995,-1.473752027760474,-0.2907243037549355,0.2428310566470169,0.0
466,1,22,1,False,False,True,-0.5215136480881846,-0.8988717634189145,0.5482615503896997,0.24309608741963662,0.0
467,1,43,0,False,False,False,-0.5215136480881846,-0.12349910043304642,0.9374041220820449,0.24416330363841565,0.0
468,1,21,0,True,False,False,-0.6889068909346567,-0.34168629137407663,0.568966741861131,0.24524481976607831,0.0
469,0,29,0,False,False,True,-0.6889068909346567,-0.4855715246636549,0.27503065743075344,0.24585834051528754,0.0
470,0,34,0,True,False,False,-0.6889068909346567,-0.4802239057918236,0.14768454760410865,0.24785909256265323,0.0
471,0,45,0,False,True,False,-0.856300133781129,1.1367158512323319,0.04336878061077091,0.24849561075438817,0.0
472,1,25,0,False,True,False,-0.019333919548767686,-1.1991381457806214,-0.7603829659498534,0.24955548377387,0.0
473,1,60,1,True,False,False,-1.1910866194740737,-0.659125185618562,0.38021185363352816,0.2518777331940358,0.0
474,1,64,0,False,True,False,-0.35412040524171223,-0.47794316068441456,0.3948068333538917,0.2523801268266473,0.0
475,1,51,0,True,False,False,-0.35412040524171223,-0.08879101402379028,0.5703008251315946,0.2553063228546942,0.0
476,0,56,1,True,False,False,0.1480593232977046,-0.9400714401295704,0.6536820723416488,0.2575437572632093,0.0
477,0,20,1,True,False,False,-0.18672716239523995,-0.0865644786908465,0.9755964310992743,0.2652074592635241,0.0
478,0,55,1,False,True,False,0.48284580899064916,-0.8546842980372081,0.9672822011182646,0.26647913589881794,0.0
479,1,40,0,False,False,False,0.1480593232977046,-0.04114203908050124,0.12191008861047868,0.2672118878838223,0.0
480,0,57,0,True,False,False,-0.18672716239523995,-0.6063788823331588,0.31420043069224446,0.26845856662013917,0.0
481,1,61,1,True,False,False,0.1480593232977046,-0.3218222556395409,0.29154952342101714,0.2729818046432986,0.0
482,0,52,0,True,False,False,-0.6889068909346567,-1.0094040784841187,0.27216704742267606,0.27875153686195064,0.0
483,0,39,0,False,False,False,-0.18672716239523995,-0.9325533287740817,-0.5885855727356478,0.28213711559079124,0.0
484,0,32,1,False,False,True,-1.0236933766276013,-1.4846553444300328,1.4514156990684597,0.28390081602889633,0.0
485,0,61,1,False,False,True,-0.18672716239523995,-0.0519480169354039,-0.8703139889667146,0.2852460849646538,0.0
486,0,43,1,True,False,False,-1.1910866194740737,-0.3073925879005577,-0.3942491089128113,0.2853939952747366,0.0
487,0,27,0,False,True,False,-0.18672716239523995,0.39798162192675296,-1.13055360048177,0.28805281158554497,0.0
488,1,61,0,False,True,False,0.3154525661441769,-0.6703013510005038,-0.3001272642522995,0.2897072214366068,0.0
489,0,46,1,False,False,False,-0.5215136480881846,0.20216020126376658,0.12957050544926552,0.2905641060595031,0.0
490,0,50,0,False,True,False,0.48284580899064916,0.09007265305852812,-0.2711857051639978,0.2913868109235949,0.0
491,1,21,1,True,False,False,-1.3584798623205459,-1.050505783177622,1.763270172605525,0.2985506126799303,0.0
492,1,51,1,True,False,False,0.48284580899064916,-0.06706591809610904,1.0693046888613162,0.2989451912910101,0.0
493,1,22,0,False,False,False,1.4872052660694828,-0.9983881590983166,-1.587278076588834,0.3012694074554681,0.0
494,0,47,0,False,True,False,0.6502390518371214,-0.4867788045200301,0.6596464135828487,0.3072286629649952,0.0
495,1,53,1,False,True,False,-0.6889068909346567,-0.049038861025263836,0.7179259807021144,0.30887499996655454,0.0
496,1,35,1,False,True,False,-0.6889068909346567,-0.11797949562501234,-0.008265673638563757,0.3136461300814147,0.0
497,1,20,1,False,False,False,-0.856300133781129,-0.406128488862926,-0.2596216013845244,0.3152045712460442,0.0
498,0,33,1,True,False,False,-1.1910866194740737,0.34979818025566406,0.6737129680677734,0.3154644548355247,0.0
499,1,60,1,True,False,False,0.1480593232977046,-0.5160362394259637,0.7218229752001463,0.31573464328383366,0.0
500,1,28,0,True,False,False,-0.019333919548767686,-0.611044974126882,-0.5862420053491764,0.3158286973296087,0.0
501,0,48,1,False,False,False,-0.5215136480881846,0.5912586157945455,-0.45378553610366723,0.3183782810725318,0.0
502,0,62,0,True,False,False,-0.6889068909346567,-0.17586555593375094,0.325341175126109,0.320338830313777,0.0
503,0,23,0,False,False,True,-0.6889068909346567,-0.22350803082634754,-0.3638061782236925,0.32093550717033553,0.0
504,1,21,1,False,True,False,-1.0236933766276013,-0.6375232587834871,-0.3392422952892168,0.3216241905927785,0.0
505,1,29,0,True,False,False,-1.5258731051670182,-1.105646990873287,1.7714312254213878,0.32202822835968264,0.0
506,1,28,0,False,False,True,-0.35412040524171223,-0.5197110566415337,-0.010932206057586685,0.3254757359250965,0.0
507,1,40,0,False,False,False,-0.019333919548767686,0.23755315743238956,1.3213474418764168,0.3263754226067615,0.0
508,1,51,0,True,False,False,-0.18672716239523995,-0.4877161758255995,0.9173953911213294,0.3320438885459808,0.0
509,0,23,1,False,False,False,-0.35412040524171223,0.1954945572268144,0.20003995234459154,0.33421235467073884,0.0
510,1,43,1,False,True,False,-1.3584798623205459,-0.2800280812910362,0.624396690908448,0.33478166722300057,0.0
511,0,57,1,False,False,False,-1.0236933766276013,-0.5190205110028229,0.2671686506182659,0.3383688563281969,0.0
512,1,58,1,True,False,False,-0.35412040524171223,-0.2704642458418509,-0.28667421491372724,0.3430651354889643,0.0
513,1,23,0,True,False,False,-0.6889068909346567,-0.15904801547589006,-0.03433877865554696,0.3453988009219967,0.0
514,0,29,1,False,False,False,-1.1910866194740737,-0.9406354860024986,-0.612631884632942,0.3465293103725099,0.0
515,0,21,1,False,True,False,-0.856300133781129,0.26081653754656,1.034280892317999,0.3473202189614852,0.0
516,0,27,0,False,False,True,-0.35412040524171223,0.1579858612598656,1.3098114641850673,0.34885399084970253,0.0
517,1,18,0,True,False,False,0.48284580899064916,0.5158044948994329,0.43562963215093403,0.3491489379061852,0.0
518,1,46,0,True,False,False,-1.1910866194740737,0.38437632554494006,1.2786644999318346,0.3494856543142428,0.0
519,1,36,0,False,False,True,0.1480593232977046,-0.7808135027891981,-1.0144843449834797,0.3498767557359692,0.0
520,0,28,0,False,False,True,-0.18672716239523995,-0.45863719833946925,-0.42771600125759907,0.3518443997248931,0.0
521,0,31,1,False,True,False,-1.1910866194740737,-0.6474951164173268,0.810313422597109,0.35483023910315625,0.0
522,1,52,1,True,False,False,-0.856300133781129,0.5433501211114108,1.5813155772107388,0.35664508027702574,0.0
523,1,64,0,False,True,False,-0.019333919548767686,-0.14833212251803288,0.3363338972217974,0.3575207835882424,0.0
524,0,35,1,False,True,False,-0.6889068909346567,-0.5947811042843012,0.14504230593285186,0.35799106944685866,0.0
525,0,35,1,False,False,True,-1.3584798623205459,0.04641926756830462,0.9213899606899756,0.3587550560496395,0.0
526,1,37,0,False,False,True,-0.18672716239523995,-0.47742757021705445,-0.2717026095250767,0.36031492189347464,0.0
527,0,48,0,False,False,True,-1.5258731051670182,-0.28887344280734323,1.5150491226868568,0.3632694567333347,0.0
528,0,46,1,False,True,False,-0.856300133781129,-0.5296570153690344,0.4892767980278668,0.3657542527777642,0.0
529,0,33,1,False,True,False,-0.5215136480881846,-0.2502897722199651,0.20801502080020431,0.37612203007791445,0.0
530,1,35,1,True,False,False,-0.856300133781129,0.874089392633794,0.6086340203600025,0.37760761320984226,0.0
531,1,37,1,False,False,False,0.6502390518371214,-0.03092407941487221,1.0320691978539034,0.3789010731923185,0.0
532,1,47,1,False,True,False,-0.5215136480881846,-0.7922538579971374,1.433358603264157,0.38094881019247123,0.0
533,1,61,0,False,False,False,-0.5215136480881846,-1.0392915268034524,0.6750784466058477,0.3820127822947003,0.0
534,1,45,1,False,False,False,-0.5215136480881846,-1.2309632491950184,-0.33440696100693884,0.3831223661920354,0.0
535,0,27,0,False,False,False,-0.18672716239523995,-0.47570910553521645,0.3708781647748859,0.3837333894784264,0.0
536,0,24,1,False,False,False,-0.5215136480881846,0.1838865570115653,0.3732201977090177,0.3846669626708876,0.0
537,1,41,1,False,False,True,-0.35412040524171223,-1.6572263154318556,1.3595051599270318,0.3848692898109744,0.0
538,1,29,0,False,False,False,-1.0236933766276013,0.3624589232649551,1.9759766498155118,0.38486970573718265,0.0
539,1,55,1,False,True,False,-1.3584798623205459,-0.8119801169531541,-0.502057570945806,0.3873669153409869,0.0
540,0,58,1,True,False,False,-0.35412040524171223,-1.1251409435056647,0.6066928917345542,0.3948775150913878,0.0
541,1,62,1,True,False,False,-0.18672716239523995,-0.41950889786421547,-0.1204032262416935,0.39537466073892996,0.0
542,1,18,1,False,False,True,0.1480593232977046,-0.10126246485432923,0.1550718042809884,0.3960212313527432,0.0
543,1,38,1,False,True,False,-0.35412040524171223,-0.14131782901303772,0.3140918485346009,0.3977314641933274,0.0
544,0,50,0,False,False,False,0.1480593232977046,0.3357984747794476,0.332779281937082,0.39798267285231614,0.0
545,0,62,0,False,True,False,-1.0236933766276013,0.17177535039234632,0.9319381878768603,0.3983674288456317,0.0
546,0,45,1,False,False,False,-0.18672716239523995,0.4099313368968837,-0.03430380515647256,0.40070900999909204,0.0
547,1,52,1,False,True,False,-0.35412040524171223,0.0048479694324910436,-0.4397484422413124,0.4018566901255771,0.0
548,1,61,1,False,True,False,0.3154525661441769,-0.34183850611900163,0.12718039260828964,0.40376484500556564,0.0
549,0,49,0,False,False,True,-0.35412040524171223,0.6875393865593096,0.273072749744658,0.40390576775202136,0.0
550,1,25,1,False,False,True,-0.35412040524171223,-0.04187326549761359,0.15372586842172248,0.4110545360381234,0.0
551,1,54,1,False,True,False,-0.019333919548767686,0.009640361738068542,-0.37687503727164184,0.4128928739193949,0.0
552,0,43,0,True,False,False,-0.35412040524171223,-0.4506232248365211,0.3371601348413935,0.4136065130274083,0.0
553,0,33,0,True,False,False,0.1480593232977046,-0.7556500581196003,-0.5636526177513578,0.4168305942972912,0.0
554,0,18,1,True,False,False,1.1524187803765382,-0.6829799192494929,0.306834783094067,0.4169548593225124,0.0
555,1,46,1,False,False,True,0.1480593232977046,0.34729578076544265,0.9552606909069745,0.4191583935408058,0.0
556,1,30,1,False,False,False,-0.18672716239523995,0.2842115646041538,0.1532724794867359,0.421212380708018,0.0
557,1,50,1,False,True,False,1.4872052660694828,1.470288975439493,0.30648150187972417,0.4255928740181844,0.0
558,1,28,1,False,True,False,-0.856300133781129,-0.37895930917699716,-0.7997814397588813,0.42972676121257164,0.0
559,0,61,0,False,True,False,-0.18672716239523995,0.7624536320702279,1.4146329146241061,0.43195796784846746,0.0
560,0,60,0,True,False,False,0.8176322946835937,0.929377267420436,0.4933933653405855,0.4333628839869043,0.0
561,0,22,1,True,False,False,-1.3584798623205459,-0.48874647031638335,0.5056212042845266,0.43414446315166927,0.0
562,0,59,1,False,False,True,0.6502390518371214,-0.40307217546832835,-0.9683195858830965,0.4344623846423408,0.0
563,1,47,1,False,False,False,0.1480593232977046,0.021413304975688895,0.6957472959098021,0.4396722154708349,0.0
564,0,59,1,True,False,False,0.1480593232977046,-0.954719505830477,0.9451760597892861,0.4406350632841378,0.0
565,1,36,0,False,True,False,-0.019333919548767686,-1.3591172688941184,-0.770022598017649,0.44083616749782434,0.0
566,0,30,0,False,True,False,-0.35412040524171223,0.7921883542477146,1.0348296040370082,0.44112535582124346,0.0
567,0,56,1,False,False,True,-0.019333919548767686,-0.696455039921862,-1.1087923524402288,0.4434503387917268,0.0
568,1,59,0,False,False,True,-0.18672716239523995,0.12810324511610768,1.230400486034814,0.4444765279951595,0.0
569,1,63,0,False,False,True,-0.019333919548767686,0.5129336062553344,1.8407283320325614,0.44547651893214174,0.0
570,1,24,1,False,False,True,0.1480593232977046,-0.6058543605483108,-0.5858037592790308,0.4462355389038353,0.0
571,1,52,0,True,False,False,-1.5258731051670182,-1.6637491771061308,-1.2204304623062394,0.44728834067971646,0.0
572,1,30,0,False,False,True,-0.18672716239523995,-0.35379558186436594,-0.2618909563959184,0.44849089257323305,0.0
573,0,33,0,False,False,False,-0.18672716239523995,0.021821876685832277,0.28149899641801346,0.4485306384251345,0.0
574,1,51,1,False,True,False,0.8176322946835937,-0.586363329926545,-1.587278076588834,0.4500395095299527,0.0
575,1,52,1,False,True,False,0.6502390518371214,1.0617114145088384,0.15950554087836358,0.45082311631669775,0.0
576,1,33,1,True,False,False,-0.35412040524171223,-0.4826411292988214,-0.1249556194377566,0.45548586614023734,0.0
577,0,45,0,False,False,False,-0.5215136480881846,-0.9372902399919741,-0.7474165242088292,0.4568250211638412,0.0
578,1,27,0,False,False,True,0.3154525661441769,-0.07644811066645915,-0.08983571786412083,0.4581771515734094,0.0
579,0,21,1,False,True,False,-0.35412040524171223,-0.2301037274885629,0.5788946641421269,0.4607467222898228,0.0
580,0,44,1,False,False,False,-0.35412040524171223,-0.6929429013983903,-0.819625147602385,0.46475665894857565,0.0
581,1,59,1,True,False,False,-1.3584798623205459,-0.43966097311429064,0.16293313011403013,0.4701294159497581,0.0
582,1,50,1,False,True,False,-0.6889068909346567,0.13717595762013984,-0.11255636150028546,0.4725107635533406,0.0
583,0,24,1,False,False,True,-1.0236933766276013,-0.3270572985565705,-0.35813726779645483,0.47301309058582097,0.0
584,0,47,1,False,False,False,-1.5258731051670182,-1.0754087219999477,1.4808747642497069,0.47322419818895856,0.0
585,0,55,1,False,False,True,-1.0236933766276013,-0.5841943828397838,0.6306048666659368,0.47360535601463094,0.0
586,0,58,0,True,False,False,0.3154525661441769,-0.021314858605122965,0.11616417046665235,0.4749720842015717,0.0
587,0,44,0,False,True,False,-0.019333919548767686,0.32374090323464283,0.048342179820519096,0.47519857965486,0.0
588,1,53,0,False,False,True,-0.18672716239523995,0.16219059458905769,0.31708349824537563,0.4752348559745624,0.0
589,0,35,1,False,False,False,-0.18672716239523995,-0.8322365649256213,0.4307618115823792,0.4769164215946386,0.0
590,1,36,0,False,False,False,-1.0236933766276013,-1.4007990110202615,0.4046717793165315,0.4773710271236839,0.0
591,0,21,0,True,False,False,-1.3584798623205459,1.334900483962258,0.748382031897549,0.4818579788979291,0.0
592,0,54,1,False,True,False,-0.18672716239523995,0.24583491729000395,-0.4047160064917054,0.4825170205448228,0.0
593,0,46,1,True,False,False,0.3154525661441769,0.013970792276322721,1.256861352980525,0.4856829970789885,0.0
594,1,44,0,False,False,False,-1.1910866194740737,0.042411839658623156,-0.16726327214246142,0.4871371933995086,0.0
595,1,27,0,False,True,False,0.48284580899064916,0.4942090243775093,0.4339110153793912,0.4884306084002403,0.0
596,0,24,0,False,False,False,-0.5215136480881846,-0.3523372500168269,0.9126777539650308,0.4931371370742192,0.0
597,0,40,0,True,False,False,-0.35412040524171223,-0.579709651794728,0.24102567266430844,0.49404666853210655,0.0
598,0,34,0,True,False,False,-0.019333919548767686,0.1435135705461882,-0.02642680714489856,0.4966160619110859,0.0
599,0,57,1,False,False,True,-0.35412040524171223,-0.6178432672381377,-0.38189801246847604,0.49893599690912555,0.0
600,0,18,1,False,False,True,-0.35412040524171223,0.5321084398338047,-0.43253469550531404,0.5115923146412779,1.0
601,1,50,1,False,False,False,-0.18672716239523995,0.38057199433253136,0.11791987541475732,0.5182310243516308,1.0
602,1,38,0,False,False,True,-1.5258731051670182,-1.6637491771061308,1.056785577722938,0.520825053517718,1.0
603,0,62,1,False,False,True,-0.18672716239523995,1.65881477564042,1.6968284250833352,0.5251133497658845,1.0
604,1,43,0,False,True,False,0.1480593232977046,-0.4806277572935629,0.5100503565224775,0.5283442293210736,1.0
605,1,33,1,False,False,False,-0.35412040524171223,-1.1696599718362126,-0.4992761169530968,0.5303520115711522,1.0
606,0,37,1,True,False,False,-0.6889068909346567,0.3117679887851515,-0.38550677256843335,0.5454257655357521,1.0
607,1,21,1,False,False,False,0.6502390518371214,0.4935784713502051,0.4142231865966721,0.5774726886567906,1.0
608,0,51,1,False,False,True,-0.35412040524171223,-0.45817274037299355,-0.6180467071389215,0.589293640052775,1.0
609,0,46,0,False,False,False,-0.019333919548767686,0.6153147974175615,0.3389410167796742,0.6297682662854437,1.0
610,1,61,1,False,False,True,-0.6889068909346567,-0.6460694314635622,-0.5444839436297598,0.6304237723037656,1.0
611,1,43,1,False,True,False,0.3154525661441769,-0.5073603676715125,-0.2501317024517505,0.636522912906932,1.0
612,0,40,1,True,False,False,-0.019333919548767686,1.4170493052916302,-0.13777751249130288,0.64176156359754,1.0
613,0,62,0,True,False,False,0.6502390518371214,0.2735243400835614,0.48241926884287417,0.6423103504499056,1.0
614,1,19,1,False,False,False,-0.6889068909346567,1.2332915306735697,0.7045835823498603,0.6510106495467805,1.0
615,1,50,1,True,False,False,-0.019333919548767686,-0.10415912236450146,-0.7234539583640954,0.7102985027265681,1.0
616,0,56,1,False,False,True,0.8176322946835937,-1.082474708440561,0.12402880422416362,0.7116311109893182,1.0
617,1,42,1,True,False,False,-0.019333919548767686,-0.39028521077366923,0.13567767027550393,0.7292683549809668,1.0
618,0,41,0,False,False,False,-0.35412040524171223,-0.0628192568708562,-0.1296376817023195,0.7300595836693247,1.0
619,0,55,1,False,True,False,0.3154525661441769,0.5709183442191534,-0.2516842299355699,0.7308463026824784,1.0
620,1,59,0,True,False,False,-0.18672716239523995,-0.8700779357552749,-0.5786591921393689,0.7529942106844799,1.0
621,0,59,0,False,False,False,1.1524187803765382,-0.5591589330677904,-0.33445983870388374,0.7643965537999077,1.0
622,0,52,1,True,False,False,-0.6889068909346567,-0.7549765822289084,-0.763625874396766,0.7692791202062258,1.0
623,0,62,0,True,False,False,-0.019333919548767686,0.47284845754351035,0.6625262538103772,0.7816162046511589,1.0
624,0,37,1,False,True,False,0.48284580899064916,0.6072528817333086,0.2850540430829168,0.7887989485953568,1.0
625,1,29,0,False,True,False,-0.18672716239523995,0.062395147121677715,-0.16080723830341814,0.7962077844612397,1.0
626,1,51,1,True,False,False,-0.18672716239523995,-0.0793537323921389,-0.7415208230143014,0.8005080215193933,1.0
627,0,49,0,False,False,True,-0.35412040524171223,-0.4042734587123422,-1.0926229363699338,0.822220297745393,1.0
628,1,28,1,True,False,False,-0.019333919548767686,-0.2566154160867055,0.22731262794358398,0.8414516362605057,1.0
629,0,26,0,False,False,True,0.8176322946835937,0.5947316486819189,0.416236387144841,0.8535438219068026,1.0
630,1,45,0,False,False,True,0.8176322946835937,-1.0798881774401714,-0.5761694784463082,0.8563078641817946,1.0
631,0,54,1,False,False,False,0.48284580899064916,-0.10568531199730175,0.6036809679117302,0.8571001048397463,1.0
632,0,48,1,False,False,False,0.1480593232977046,-0.21826158121453476,-0.3994222401699217,0.858896262402705,1.0
633,0,51,0,False,False,False,-1.3584798623205459,0.6302218020714875,0.06899961448437784,0.8648246491234131,1.0
634,0,33,0,False,True,False,-0.5215136480881846,0.5730051136618866,-0.42682029444091596,0.8650981789556415,1.0
635,0,31,1,True,False,False,-0.019333919548767686,-0.44535103670585074,0.18608526631279285,0.8707586738134135,1.0
636,1,49,1,True,False,False,0.1480593232977046,0.27610264232010484,-0.37334176192019786,0.8742595166049338,1.0
637,0,20,0,False,False,True,0.8176322946835937,0.7960595193282521,0.36195753311203654,0.8761016912478282,1.0
638,0,35,0,False,False,False,0.48284580899064916,0.10413899204855276,-0.9270953731343102,0.8977607165031467,1.0
639,1,59,0,False,False,True,1.4872052660694828,1.4937700907976077,-1.095324498269178,0.8985191785994818,1.0
640,1,56,1,False,True,False,1.3198120232230106,2.2027490713231423,-1.587278076588834,0.9056612708444569,1.0
641,0,37,0,True,False,False,-0.6889068909346567,0.4125886507075144,1.4843127770180795,0.9060412579030978,1.0
642,1,23,0,False,False,False,-0.019333919548767686,0.8357825739953935,0.5127823653256691,0.9092307017909034,1.0
643,1,45,1,False,True,False,0.3154525661441769,0.38408697191939056,-0.5418773329974693,0.9113384646693699,1.0
644,0,26,0,True,False,False,0.1480593232977046,0.4312894044482673,-0.9122162657717096,0.9131949652110687,1.0
645,0,25,1,False,False,False,0.3154525661441769,0.4414792592254579,0.6821504723627246,0.915478822169483,1.0
646,0,25,0,False,False,True,1.4872052660694828,0.7628046521195232,-0.8153837563562228,0.9158627770171772,1.0
647,1,20,0,False,True,False,0.9850255375300659,1.0755049028774413,-0.014068465250846585,0.9165077034484076,1.0
648,1,64,1,True,False,False,1.4872052660694828,2.697076607497644,-1.0188189843551365,0.917640197590267,1.0
649,1,19,0,True,False,False,0.3154525661441769,0.3887014282429587,-0.027965761422451028,0.9184795387659938,1.0
650,1,21,1,False,True,False,0.8176322946835937,0.8295014368559587,-1.1173810468439482,0.9213440297206368,1.0
651,1,36,0,False,False,False,0.3154525661441769,0.653489858280405,-0.4311093620773577,0.9224501312696747,1.0
652,1,59,0,False,True,False,-0.5215136480881846,0.29468338116404186,-0.08956635774378607,0.9257882531361884,1.0
653,0,39,1,True,False,False,0.48284580899064916,0.33199328821427665,0.05404057834407768,0.9368337397585552,1.0
654,0,30,1,False,True,False,0.6502390518371214,0.02338699395744132,0.09967394806449084,0.938397904629125,1.0
655,1,55,0,False,True,False,0.3154525661441769,-0.2547880487902661,-1.0373491020132364,0.9421679214731207,1.0
656,0,29,1,False,False,True,0.8176322946835937,0.4794456311140405,-1.587278076588834,0.9430045326510327,1.0
657,1,33,1,False,True,False,1.4872052660694828,-0.2744050202454233,-0.48881441703666123,0.9483140562869405,1.0
658,1,42,1,False,False,False,0.48284580899064916,-0.09050336564122576,-0.2584113471473257,0.9552180757138998,1.0
659,0,20,0,False,True,False,0.48284580899064916,0.2997877863096252,-0.7438678487021699,0.9563717163122367,1.0
660,0,33,1,False,True,False,1.3198120232230106,0.05206864201548713,-0.0783036998451543,0.957676965366473,1.0
661,0,62,1,False,False,True,0.6502390518371214,1.919903169227436,-0.7383605384594059,0.9585800937507168,1.0
662,1,45,0,False,False,True,0.6502390518371214,0.2713247368390314,-0.10842052369159345,0.9637182566785393,1.0
663,0,48,1,False,False,True,1.3198120232230106,0.7448439351769,-1.4775348909853672,0.964203195579434,1.0
664,1,43,1,False,False,True,0.48284580899064916,1.1773664523531304,-1.587278076588834,0.9665267543060315,1.0
665,0,29,0,False,True,False,1.1524187803765382,0.25722864233832365,-0.6379477685437193,0.9670351990628575,1.0
666,0,39,1,False,True,False,0.48284580899064916,0.8295222634111066,-0.08277099858343505,0.9698838361172367,1.0
667,1,46,0,True,False,False,0.48284580899064916,0.7591187068189097,0.08562754102606304,0.9727105500159466,1.0
668,0,34,0,False,False,True,0.9850255375300659,0.7853464855940648,-1.587278076588834,0.9740410950646823,1.0
669,0,53,1,True,False,False,1.1524187803765382,0.5658371339943093,-1.1159760303649369,0.9746073735564668,1.0
670,0,36,1,False,True,False,0.48284580899064916,0.6293807062778319,0.1989599357845532,0.9758402650554993,1.0
671,0,36,0,False,True,False,1.3198120232230106,1.453950313437027,-0.19215747952455028,0.9768903458682673,1.0
672,1,38,0,False,True,False,1.4872052660694828,0.8044139112177084,-0.7579030374958773,0.9772169496929033,1.0
673,1,36,1,True,False,False,1.4872052660694828,1.5112960755936695,-0.4820914188300178,0.9786691258252433,1.0
674,1,27,0,False,True,False,0.1480593232977046,1.0235439570371765,0.13181688301497083,0.9787832757425003,1.0
675,0,63,0,False,False,False,1.4872052660694828,-0.14202765353737157,0.40978291525458044,0.9788533534241941,1.0
676,0,48,0,False,False,True,-0.5215136480881846,-1.2151407301759778,-1.0198951366575872,0.9793160699946453,1.0
677,0,37,1,False,False,True,1.3198120232230106,-0.41635777009317587,-1.5453737731658685,0.9825530490373909,1.0
678,1,47,0,False,True,False,1.6545985089159552,-0.3301012357552689,-1.587278076588834,0.9844781671457308,1.0
679,0,57,0,False,True,False,0.6502390518371214,0.9393208637251099,-0.47023785798127704,0.9860039361749378,1.0
680,1,40,1,False,False,False,1.3198120232230106,0.5073091373314577,-0.5075080986696706,0.987576591494851,1.0
681,0,33,0,False,False,False,0.8176322946835937,1.9107495733489033,-1.587278076588834,0.9890428972097196,1.0
682,0,50,1,False,True,False,1.3198120232230106,1.2485947742466044,-0.3140376105580482,0.9892316292113593,1.0
683,0,43,0,False,True,False,0.8176322946835937,0.3410545340170046,-0.525903591645501,0.9895846192475334,1.0
684,0,19,0,True,False,False,1.3198120232230106,0.3444442023592482,-1.043482122698189,0.9896262615410935,1.0
685,0,58,0,False,False,True,0.1480593232977046,-0.016468186235166514,-0.6347312247277487,0.9897746712241088,1.0
686,0,60,0,False,False,True,0.3154525661441769,0.31252498796887634,-0.9438969302927287,0.9902306273205768,1.0
687,1,60,1,False,True,False,0.48284580899064916,-0.32306077964552354,-1.2676755525875696,0.9905004930985917,1.0
688,0,42,1,False,False,False,0.3154525661441769,0.45060330406501226,-0.6906953536387546,0.9911144447463993,1.0
689,1,21,0,True,False,False,0.6502390518371214,0.30127629582420207,-1.587278076588834,0.9915710388947964,1.0
690,0,34,1,False,False,False,1.6545985089159552,1.6101698824954285,-0.40501012102665473,0.9920035032537214,1.0
691,1,64,0,True,False,False,0.48284580899064916,0.8379809969302652,-0.5271804544078332,0.993191660379122,1.0
692,0,29,0,True,False,False,1.3198120232230106,-0.006880224685261262,-1.587278076588834,0.993692589325322,1.0
693,1,53,0,False,True,False,1.4872052660694828,0.30191705339582253,-1.0637411627466449,0.9938830961217013,1.0
694,1,22,0,True,False,False,1.1524187803765382,1.0232922594883849,-1.040926704350162,0.99462973868697,1.0
695,0,36,0,False,False,True,0.8176322946835937,0.6743136509035962,-0.023265598022762575,0.994667614699329,1.0
696,1,45,0,False,False,False,0.48284580899064916,0.7237877325813539,-0.969275406015718,0.9955018720068254,1.0
697,1,21,1,True,False,False,0.8176322946835937,1.009599477312926,-0.19246852523678604,0.9964153011942007,1.0
698,1,19,1,False,False,False,1.1524187803765382,0.4003558269348126,-0.5400469567028614,0.9965189690854052,1.0
699,0,26,1,False,True,False,0.8176322946835937,1.5568235760864437,-0.6482415523802455,0.9967037560608061,1.0
700,1,36,0,False,True,False,0.6502390518371214,0.6354057884389329,-1.2335876870913776,0.9970873152239507,1.0
701,0,52,0,False,False,True,1.4872052660694828,1.04569965820067,-1.587278076588834,0.9972935317454895,1.0
702,1,55,0,False,True,False,0.9850255375300659,0.7287756875653365,-1.2551998493570542,0.9973780859908864,1.0
703,1,57,1,False,True,False,1.4872052660694828,2.2724821047841326,-1.407370399917454,0.997381777297188,1.0
704,1,38,1,False,True,False,0.8176322946835937,1.1930339402599044,-1.2523594821883803,0.9974221867043304,1.0
705,1,60,1,False,False,False,1.4872052660694828,0.8276724698488082,-1.587278076588834,0.9976043939283911,1.0
706,1,24,1,False,False,False,1.4872052660694828,1.4654083706275771,-1.4510748013297026,0.9977470762827821,1.0
707,1,28,1,False,False,False,0.3154525661441769,1.3877599030233148,-1.1985844518477224,0.997801485261,1.0
708,0,35,0,False,False,False,1.1524187803765382,0.761048085385324,-0.2524933190427448,0.9978845560802049,1.0
709,0,58,0,False,False,False,0.9850255375300659,0.16137008027423602,-1.225610014075321,0.9979346534448403,1.0
710,1,20,0,False,False,True,0.9850255375300659,0.49416883303544096,-1.587278076588834,0.9980581524546662,1.0
711,1,21,1,False,False,False,1.3198120232230106,1.9231716875744158,-0.7416287635185647,0.9983700887648345,1.0
712,1,43,0,True,False,False,0.48284580899064916,0.9677046692399438,-1.5527274334717744,0.9984598855679323,1.0
713,1,18,1,False,False,False,0.8176322946835937,1.0985788245596382,-0.8763320959848203,0.9985585105931184,1.0
714,1,60,1,False,False,True,1.3198120232230106,1.826154389109306,-0.30644452836267794,0.9993599794892072,1.0
715,1,52,1,False,True,False,1.6545985089159552,1.553950676150174,-1.587278076588834,0.9993628813419692,1.0
716,0,54,1,False,True,False,0.48284580899064916,0.693216248777459,-1.587278076588834,0.9994305922028776,1.0
717,0,54,0,False,False,True,0.9850255375300659,0.9658569845909001,-0.9798589633333239,0.9994423108990624,1.0
718,1,38,1,False,False,False,1.1524187803765382,1.5759569332361743,-1.0562269540087965,0.9994846209309406,1.0
719,0,53,1,True,False,False,0.9850255375300659,-0.055392597871256555,-1.587278076588834,0.9995121363524376,1.0
720,0,48,0,False,False,False,1.6545985089159552,1.7987718737336786,-1.3826406886788136,0.9996784353194395,1.0
721,0,40,0,False,False,True,1.4872052660694828,1.8760252862988762,-0.44778674891681525,0.9997076555080173,1.0
722,1,33,0,False,False,True,1.6545985089159552,1.1530997420987896,-1.3099300585798677,0.999882112561714,1.0
723,1,49,0,False,False,True,1.3198120232230106,0.4368636114209297,-1.2557261559906419,0.9999168657368219,1.0
724,0,62,1,True,False,False,1.4872052660694828,0.5608378255362838,-1.06267603267861,0.9999317323543883,1.0
725,1,40,0,False,False,True,0.9850255375300659,0.9248614394993026,-1.1596731615554128,0.9999324817804385,1.0
726,0,50,0,False,False,False,1.4872052660694828,1.2531585240647918,-0.7781623311994632,0.9999407775922268,1.0
727,1,38,0,False,True,False,1.4872052660694828,2.2245833009149054,-0.04935689554637168,0.9999513740954719,1.0
728,1,31,0,False,False,True,0.8176322946835937,1.2359060810983025,-0.9842412266623914,0.9999562901589608,1.0
729,0,54,0,False,True,False,1.6545985089159552,1.2822035260600475,-1.4148715520319362,0.9999592287445657,1.0
730,1,53,1,False,False,True,0.6502390518371214,1.290827268163576,-0.9362483773151762,0.9999680241728365,1.0
731,0,64,0,False,False,False,1.6545985089159552,1.5961558027221858,-1.3289597778079734,0.9999837689547054,1.0
732,1,54,0,False,False,True,0.8176322946835937,1.7414918938356798,-1.1924669870141718,0.9999934421144182,1.0
